timestamp_s,distance_m,detections,fusion_action,announced_label,system_state,reason
0.001,3.500,,SILENT,,SILENT,Far zone (3.50m) — SILENT
0.101,3.500,,SILENT,,SILENT,Far zone (3.50m) — SILENT
0.202,3.500,,SILENT,,SILENT,Far zone (3.50m) — SILENT
0.303,3.500,,SILENT,,SILENT,Far zone (3.50m) — SILENT
0.403,3.500,,SILENT,,SILENT,Far zone (3.50m) — SILENT
0.503,3.500,,SILENT,,SILENT,Far zone (3.50m) — SILENT
0.604,3.500,,SILENT,,SILENT,Far zone (3.50m) — SILENT
0.704,3.500,,SILENT,,SILENT,Far zone (3.50m) — SILENT
0.805,3.500,,SILENT,,SILENT,Far zone (3.50m) — SILENT
0.905,3.500,,SILENT,,SILENT,Far zone (3.50m) — SILENT
1.006,3.500,,SILENT,,SILENT,Far zone (3.50m) — SILENT
1.106,3.500,,SILENT,,SILENT,Far zone (3.50m) — SILENT
1.207,3.500,,SILENT,,SILENT,Far zone (3.50m) — SILENT
1.307,3.500,,SILENT,,SILENT,Far zone (3.50m) — SILENT
1.407,3.500,,SILENT,,SILENT,Far zone (3.50m) — SILENT
1.508,3.500,,SILENT,,SILENT,Far zone (3.50m) — SILENT
1.608,3.500,,SILENT,,SILENT,Far zone (3.50m) — SILENT
1.709,3.500,,SILENT,,SILENT,Far zone (3.50m) — SILENT
1.809,3.500,,SILENT,,SILENT,Far zone (3.50m) — SILENT
1.909,3.500,,SILENT,,SILENT,Far zone (3.50m) — SILENT
2.010,3.500,,SILENT,,SILENT,Far zone (3.50m) — SILENT
2.110,3.500,,SILENT,,SILENT,Far zone (3.50m) — SILENT
2.210,3.500,,SILENT,,SILENT,Far zone (3.50m) — SILENT
2.311,3.500,,SILENT,,SILENT,Far zone (3.50m) — SILENT
2.411,3.500,,SILENT,,SILENT,Far zone (3.50m) — SILENT
2.512,3.500,,SILENT,,SILENT,Far zone (3.50m) — SILENT
2.612,3.500,,SILENT,,SILENT,Far zone (3.50m) — SILENT
2.713,3.500,,SILENT,,SILENT,Far zone (3.50m) — SILENT
2.813,3.500,,SILENT,,SILENT,Far zone (3.50m) — SILENT
2.913,3.500,,SILENT,,SILENT,Far zone (3.50m) — SILENT
3.014,3.500,,SILENT,,SILENT,Far zone (3.50m) — SILENT
3.114,3.500,,SILENT,,SILENT,Far zone (3.50m) — SILENT
3.214,3.500,,SILENT,,SILENT,Far zone (3.50m) — SILENT
3.315,3.500,,SILENT,,SILENT,Far zone (3.50m) — SILENT
3.415,3.500,,SILENT,,SILENT,Far zone (3.50m) — SILENT
3.516,3.500,,SILENT,,SILENT,Far zone (3.50m) — SILENT
3.616,3.500,,SILENT,,SILENT,Far zone (3.50m) — SILENT
3.716,3.500,,SILENT,,SILENT,Far zone (3.50m) — SILENT
3.816,3.500,,SILENT,,SILENT,Far zone (3.50m) — SILENT
3.917,3.500,,SILENT,,SILENT,Far zone (3.50m) — SILENT
4.017,3.500,,SILENT,,SILENT,Far zone (3.50m) — SILENT
4.117,3.500,,SILENT,,SILENT,Far zone (3.50m) — SILENT
4.217,3.500,,SILENT,,SILENT,Far zone (3.50m) — SILENT
4.317,3.500,,SILENT,,SILENT,Far zone (3.50m) — SILENT
4.418,3.500,,SILENT,,SILENT,Far zone (3.50m) — SILENT
4.518,3.500,,SILENT,,SILENT,Far zone (3.50m) — SILENT
4.619,3.500,,SILENT,,SILENT,Far zone (3.50m) — SILENT
4.719,3.500,,SILENT,,SILENT,Far zone (3.50m) — SILENT
4.819,3.500,,SILENT,,SILENT,Far zone (3.50m) — SILENT
4.920,3.500,,SILENT,,SILENT,Far zone (3.50m) — SILENT
5.020,3.500,,SILENT,,SILENT,Far zone (3.50m) — SILENT
5.125,3.500,,SILENT,,SILENT,Far zone (3.50m) — SILENT
5.225,3.500,,SILENT,,SILENT,Far zone (3.50m) — SILENT
5.326,3.500,,SILENT,,SILENT,Far zone (3.50m) — SILENT
5.426,3.500,,SILENT,,SILENT,Far zone (3.50m) — SILENT
5.526,3.500,,SILENT,,SILENT,Far zone (3.50m) — SILENT
5.626,3.500,,SILENT,,SILENT,Far zone (3.50m) — SILENT
5.727,3.500,,SILENT,,SILENT,Far zone (3.50m) — SILENT
5.827,3.500,,SILENT,,SILENT,Far zone (3.50m) — SILENT
5.928,3.500,,SILENT,,SILENT,Far zone (3.50m) — SILENT
6.028,3.500,,SILENT,,SILENT,Far zone (3.50m) — SILENT
6.128,3.500,,SILENT,,SILENT,Far zone (3.50m) — SILENT
6.229,3.500,,SILENT,,SILENT,Far zone (3.50m) — SILENT
6.329,3.500,,SILENT,,SILENT,Far zone (3.50m) — SILENT
6.430,3.500,,SILENT,,SILENT,Far zone (3.50m) — SILENT
6.530,3.500,,SILENT,,SILENT,Far zone (3.50m) — SILENT
6.630,3.500,,SILENT,,SILENT,Far zone (3.50m) — SILENT
6.731,3.500,,SILENT,,SILENT,Far zone (3.50m) — SILENT
6.831,3.500,,SILENT,,SILENT,Far zone (3.50m) — SILENT
6.931,3.500,,SILENT,,SILENT,Far zone (3.50m) — SILENT
7.031,3.500,,SILENT,,SILENT,Far zone (3.50m) — SILENT
7.132,3.500,,SILENT,,SILENT,Far zone (3.50m) — SILENT
7.232,3.500,,SILENT,,SILENT,Far zone (3.50m) — SILENT
7.333,3.500,,SILENT,,SILENT,Far zone (3.50m) — SILENT
7.433,3.500,,SILENT,,SILENT,Far zone (3.50m) — SILENT
7.534,3.500,,SILENT,,SILENT,Far zone (3.50m) — SILENT
7.634,3.500,,SILENT,,SILENT,Far zone (3.50m) — SILENT
7.734,3.500,,SILENT,,SILENT,Far zone (3.50m) — SILENT
7.835,3.500,,SILENT,,SILENT,Far zone (3.50m) — SILENT
7.935,3.500,,SILENT,,SILENT,Far zone (3.50m) — SILENT
8.035,3.500,,SILENT,,SILENT,Far zone (3.50m) — SILENT
8.135,3.500,,SILENT,,SILENT,Far zone (3.50m) — SILENT
8.236,3.500,,SILENT,,SILENT,Far zone (3.50m) — SILENT
8.336,3.500,,SILENT,,SILENT,Far zone (3.50m) — SILENT
8.436,3.500,,SILENT,,SILENT,Far zone (3.50m) — SILENT
8.537,3.500,,SILENT,,SILENT,Far zone (3.50m) — SILENT
8.637,3.500,,SILENT,,SILENT,Far zone (3.50m) — SILENT
8.737,3.500,,SILENT,,SILENT,Far zone (3.50m) — SILENT
8.838,3.500,,SILENT,,SILENT,Far zone (3.50m) — SILENT
8.938,3.500,,SILENT,,SILENT,Far zone (3.50m) — SILENT
9.038,3.500,,SILENT,,SILENT,Far zone (3.50m) — SILENT
9.139,3.500,,SILENT,,SILENT,Far zone (3.50m) — SILENT
9.239,3.500,,SILENT,,SILENT,Far zone (3.50m) — SILENT
9.340,3.500,,SILENT,,SILENT,Far zone (3.50m) — SILENT
9.440,3.500,,SILENT,,SILENT,Far zone (3.50m) — SILENT
9.541,3.500,,SILENT,,SILENT,Far zone (3.50m) — SILENT
9.641,3.500,,SILENT,,SILENT,Far zone (3.50m) — SILENT
9.741,3.500,,SILENT,,SILENT,Far zone (3.50m) — SILENT
9.842,3.500,,SILENT,,SILENT,Far zone (3.50m) — SILENT
9.942,3.500,,SILENT,,SILENT,Far zone (3.50m) — SILENT
